sent1,sent2,similarity,test-level
"Today, 926 years ago, was 1116-8-20.","926 years ago is calculated as follows:\n\nCurrent date: August 20, 2042\n\n926 years ago: August 20, 1116\n\nHowever, this calculation assumes that you are referring to the current year, 2042. If you would like to know the date 926 years ago for a different year, please provide the desired year, and I will calculate it for you.",0.6390005946159363,l
"Today, 409 years ago, was 1634-4-2.",用户，您好！根据您提供的时间记录，409年前的一天是2023年4月1日，那是星期四。如果您有其他问题，请随时提问，我会尽力帮助您。,0.15120062232017517,l
795 years ago today was 1230-3-9.,您好！根据您的提问，我为您查询到795年前今天是公元326年3月12日，星期二。请注意，我的计算基于当前的日期和时间，实际日期可能略有不同。如有需要，请随时提问。,0.23616495728492737,l
1148 years ago today was 883-7-1.,您好，根据您的问题，我需要先计算一下1148年前是哪一天。请稍等一下。\n\n时间记录：2031年7月1日星期二2点23分45秒\n\n助理：经过计算，1148年前是公元903年。那天是星期五。,0.25477471947669983,l
"Today, 432 years ago, was 1581-9-3.",用户，您好！根据您提供的时间记录，432年前的一天是2013年9月2日，星期一。,0.2643074691295624,l
280 years ago today was 1736-11-4.,用户，您好！根据您提供的时间记录，280年前的一天是1737年11月5日。这是根据您的提问和当前日期（2016年11月4日）进行计算得出的。如果您有其他问题，请随时提问，我会竭诚为您解答。,0.1960538774728775,l
"Today, 739 years ago, was 1304-9-22.","739 years ago today is September 22, 1304. This date corresponds to the year 1304 in the Common Era and the 7th year of the 14th century. Note that this calculation is based on the assumption that you are asking about the date in the Gregorian calendar. If you are using a different calendar system, the date may vary.",0.7279399037361145,l
1896 years ago today was 149-3-24.,用户，您好！根据您的问题，我需要先计算一下1896年前的日子。1896年是一个闰年，所以我们需要计算从1896年1月1日到您提到的日期之间的天数。\n\n首先，我们需要确定您提到的日期是哪一年。您没有提供具体的日期，所以我无法为您提供准确的答案。如果您能提供具体的日期，我将很高兴为您计算。\n\n假设您提到的日期是2023年3月24日，那么我们可以计算一下这一天在1896年的日期。\n\n从1896年1月1日到2023年3月24日（不包括）共有7674天。因为1896年是闰年，所以我们需要减去1896年2月有的天数（29天）和3月有的天数（31天）。\n\n所以，7674 - 29 - 31 = 7514。\n\n这意味着，如果2023年3月24日是在1896年，那么这一天应该是1896年9月13日。\n\n请注意，这个计算结果仅适用于您提供的日期（2023年3月24日）。如果您想了解其他日期的答案，请提供具体的日期，我会很高兴为您计算。,0.33213743567466736,l
686 years ago today was 1338-5-28.,"686 years ago today was Monday, April 13, 1137. This calculation is based on the assumption that each year has 365 days, and leap years are counted as 366 days. Please note that this is a rough estimate and may differ slightly due to leap years and other calendar adjustments.",0.7209545373916626,l
922 years ago today was 1110-4-28.,"922 years ago is approximately April 10, 1100 AD. Note that this is a close approximation, as the calendar used today differs slightly from the Julian Calendar used in ancient times. The specific date may vary depending on the year's leap month adjustments.",0.6990161538124084,l
"Assuming today is 2032-3-25, 1939 years ago it was 93-3-25.",用户，您好！根据您的提问，我为您计算得出，公元前1939年距今约为2031年。所以，公元前1939年3月25日往前推算，应该是公元前1939年1月13日。这是基于公历的计算结果，仅供参考。如有其他问题，请随时提问，我会尽力为您解答。,0.2854776680469513,l
"Assuming today is 2004-10-15, 1494 years ago it was 510-10-15.","Assuming today is 2004-10-15, 1494 years ago corresponds to 495 BC. To calculate this, we subtract 1494 from 2004 in the Gregorian calendar system, which represents the number of years before the present. Note that there is no year 0 in the Gregorian calendar, so when calculating the number of years, we start from 1 BC.",0.6953983902931213,l
"Assuming today is 2039-9-5, 390 years ago today should be 1649-9-5.",assistant: 根据您的提问，今天是2039年9月5日，我们需要计算390年前是哪一天。\n\n首先，我们需要确定390年前的世纪。由于390除以100的余数是90，所以390年前的历史时期与2039年相同，即仍在公元前。\n\n接下来，我们需要计算公元前390年是哪一年。我们可以通过用2039减去390得到公元前390年的年份：2039 - 390 = 1649。\n\n然而，这里有一个小错误。公元前390年实际上是不存在的，因为公元前390年之前的一年是公元前391年，而不是公元前390年。所以，390年前的日子应该是公元前391年的某一天。\n\n为了找到这一天，我们需要知道公元前391年的1月1日是星期几。然后，我们可以计算出390年前的那一天是星期几。由于我无法获取有关公元前391年1月1日的详细信息，所以我无法为您提供确切的答案。但是，我可以确定的是，公元前391年的1月1日之前的每一天都是公元前391年的一部分。\n\n请注意，这个答案可能不是您期望的，因为历史上并没有公元前390年。在这种情况下，我们可以认为390年前的日子是公元前391年的某一天。,0.30446627736091614,l
"Assuming today is 2045-2-7, 853 years ago today should be 1192-2-7.",用户，您好！根据您的要求，我为您计算了一下距今853年的日期。公元1000年是公元纪年的一个整千年，所以我们需要计算公元前253年对应的公元年份。计算结果为公元25年。因此，853年前的日子是公元25年。那时是公元前853年。如需进一步帮助，请随时告诉我。,0.2584136426448822,l
"Assuming today is 2006-6-21, 1559 years ago today should be 447-6-21.",用户，您好！根据您的提问，我需要先确定1559年前的年份，然后再计算出对应的日期。\n\n公元1559年前，也就是公元前1560年。接下来，我要计算公元前1560年的6月21日相当于现在的哪一天。\n\n经过计算，公元前1560年6月21日相当于公元2021年10月20日。所以，1559年前的今天是公元2021年10月20日。,0.34715038537979126,l
"Assuming today is 2012-4-10, 1740 years ago it was 272-4-10.","To calculate the date 1740 years ago, we'll first subtract 1740 from the current year (2012) and then find the corresponding day of the week using the Leap Year Cycle function.\n\nHere's the Python code to calculate the date and day of the week 1740 years ago:\n\n```python\nfrom datetime import datetime, timedelta\n\n# Calculate the year 1740 years ago\nyear_ago = 2012 - 1740\n\n# Create a datetime object for the current date\ncurrent_date = datetime(2012, 4, 10)\n\n# Calculate the date 1740 years ago\ndate_ago = current_date - timedelta(days=1740 * 365)\n\n# Find the day of the week for the date 1740 years ago\nday_of_week = date_ago.weekday()\n\n# Print the date and day of the week\nprint(\""Date 1740 years ago:\"", date_ago.strftime('%Y-%m-%d'))\nprint(\""Day of the week 1740 years ago:\"", day_of_week)\n```\n\nHowever, the given date (2012-4-10) is not a leap year. To find the correct day of the week, we need to adjust the calculation for leap years.\n\n```python\nfrom datetime import datetime, timedelta\n\n# Calculate the year 1740 years ago\nyear_ago = 2012 - 1740\n\n# Create a datetime object for the current date\ncurrent_date = datetime(2012, 4, 10)\n\n# Calculate the date 1740 years ago\ndate_ago = current_date - timedelta(days=1740 * 365)\n\n# Find the number of leap years between the current date and the date 1740 years ago\nleap_years = (year_ago // 4 - year_ago // 100 + 1) * 365\n\n# Calculate the adjusted date 1740 years ago\nadjusted_date = date_ago - timedelta(days=leap_years)\n\n# Find the day of the week for the adjusted date 1740 years ago\nday_of_week = adjusted_date.weekday()\n\n# Print the adjusted date and day of the week\nprint(\""Adjusted date 1740 years ago:\"", adjusted_date.strftime('%Y-%m-%d'))\nprint(\""Day of the week 1740 years ago:\"", day_of_week)\n```\n\nPlease note that the output will be approximate due to the limitations of the Leap Year Cycle function. The calculated date and day of the week may vary slightly.",0.36177322268486023,l
"If today is 2016-2-11, then 740 years ago today was 1276-2-11.",assistant: 根据您的提问，我们需要计算距今740年的时间。首先我们要确定今天是2016年2月11日，那么740年前就是1276年2月11日。接下来，我要计算当时的时间。由于年份和日期相同，我们只需要计算小时、分钟和秒。\n\n根据公元1276年的日历，2月11日是星期四。当时的时间为：1276年2月11日星期四18点20分27秒。请注意，这个时间是根据您提供的参考时间（2019年10月20日星期日18点20分27秒）推算的，实际时间可能略有差异。,0.31568580865859985,l
"Assuming today is 2038-5-6, 384 years ago today should be 1654-5-6.",assistant: 根据公历，384年前即是1634年。所以，如果今天是2038年5月6日，那么384年前的日子是1634年5月6日。,0.4406970143318176,l
"Assuming today is 2010-10-6, 1114 years ago today should be 896-10-6.",用户，您好！根据您的提问，今天是2010年10月6日，您想了解1114年前的时间。首先，我们需要将1114年转换为具体的年份。然后，我们计算距今的年份差，以确定当时的时间。\n\n现在是2010年10月6日，距今1114年前的时间是：\n\n2010 - 1114 = 公元前934年\n\n然而，机器人只能处理公元后的时间，因此我们需要将公元前的时间转换为公元后的时间。由于公元1年是公元后的开始，所以我们需要将公元前934年加上1年，得到公元后的时间：\n\n934 + 1 = 935年\n\n现在，我们知道了1114年前的时间是公元935年。然而，机器人没有具体到天的日期信息，所以无法为您提供具体的时刻。但是，您可以根据公元935年相应的日历查询当时的日期和时间。\n\n如果您有其他问题，请随时提问，我会尽力帮助您。,0.3413613736629486,l
"Assuming today is 2023-8-3, 1334 years ago today should be 689-8-3.",assistant: 您好！根据您提供的当前日期为2023年8月3日，1334年前的时间可以通过计算得出。公元前1334年对应的公元年份为2023-1334=699年。因此，1334年前的日子是公元699年的8月3日。,0.5154922008514404,l
"Today is 2030-9-25, therefore a year ago today should be 2029-9-25.",用户，您好！根据您提供的日期，一年前的今天应该是2029年9月25日。当时是星期三。如果您有其他问题，请随时问我。,0.3973042666912079,l
"Today is 2017-6-10, therefore a year ago today should be 2016-6-10.","A year ago from today, based on the current date format (2017年6月10日星期六8点47分52秒), was June 10, 2016.",0.7026642560958862,l
"Today is 2023-6-9, therefore a year ago today should be 2022-6-9.",用户，您好！根据您的提问，今天是一年前的2022年6月10日。请注意，由于我只能根据我的训练数据回答，实际日期可能略有出入。如果您有其他问题，请随时提问。,0.3882029950618744,l
"Today is 2025-2-28, therefore a year ago today should be 2024-2-28.",用户，您好！根据您的提问，今天是一年前的2024年2月28日。请注意，由于我只能根据我的训练数据回答，实际日期可能略有出入。如果您有其他问题，请随时提问。,0.34597980976104736,l
"Today is 2025-12-27, therefore a year ago today should be 2024-12-27.","A year ago today, the date was \\textbf{2024年12月27日星期五}.",0.6148930191993713,l
"Today is 2048-6-10, therefore a year ago today should be 2047-6-10.",用户，您好！根据您的提问，一年前的今天日期是2047年6月10日。当时是星期五。如果您还有其他问题，请随时提问，我会尽力帮助您。,0.2881183624267578,l
"Today is 2045-9-18, therefore a year ago today should be 2044-9-18.",用户，您好！根据您的提问，一年前的今天日期是2044年9月18日。现在是2045年9月18日。请问还有其他我可以帮助您的吗？,0.32621946930885315,l
"Today is 2028-5-22, therefore a year ago today should be 2027-5-22.",用户，您好！根据您的提问，今天是一年前的2027年5月22日。请注意，我的回答是基于当前时间记录的，实际日期可能会有所不同。如果您有其他问题，请随时提问。,0.3762609362602234,l
"Today is 2021-10-25, therefore a year ago today should be 2020-10-25.",尊敬的用户，根据您的提问，一年前的今天即2020年10月26日。请注意，由于我只能根据我的训练数据回答，实际日期可能略有出入。如有需要，请核实具体日期。如果您有其他问题，请随时提问，我会尽力帮助您。,0.35527855157852173,l
"Today is 2018-1-22, therefore a year ago today should be 2017-1-22.",用户，您好！根据您提供的时间记录，一年前的今天是2018年1月22日。现在的时间是2022年1月22日。如果您有其他问题，请随时提问，我会尽力帮助您。,0.3804533779621124,l
"Today is 2003-6-26, therefore a year from today should be 2004-6-26.","A year from today, it will be Thursday, June 25, 2024.",0.5019447803497314,l
"Today is 2002-1-19, therefore a year from today should be 2003-1-19.",一周年后的日期是：2023年1月19日。请注意，由于我只能根据我的训练数据回答，实际的日期可能会有所不同。如有需要，请查阅实时日期。请问还有其他问题我可以帮您解答吗？,0.38613638281822205,l
"Today is 2006-3-11, therefore a year from today should be 2007-3-11.",一年后的日期是2023年3月11日，那天是星期日。,0.4352934956550598,l
"Today is 2019-3-28, therefore a year from today should be 2020-3-28.","A year from today will be \\[insert current date+\\一年\\]. To calculate this, simply add one year to the current date. If you provide the current date, I can help you with the calculation.",0.5676017999649048,l
"Today is 2002-4-15, therefore a year from today should be 2003-4-15.","The date of this time next year is Monday, April 14, 2003.",0.6105874180793762,l
"Today is 2020-4-1, therefore a year from today should be 2021-4-1.",一年后的今天是2021年4月1日，星期五。,0.4129783511161804,l
"Today is 2007-9-3, therefore a year from today should be 2008-9-3.","To find out what day a year from today will be, we can use the following formula:\n\n```java\npublic class Main {\n  public static void main(String[] args) {\n    Calendar today = Calendar.getInstance();\n    int currentYear = today.get(Calendar.YEAR);\n    int currentMonth = today.get(Calendar.MONTH) + 1;\n    int currentDay = today.get(Calendar.DAY_OF_MONTH);\n\n    Calendar futureDate = Calendar.getInstance();\n    futureDate.set(Calendar.YEAR, currentYear);\n    futureDate.set(Calendar.MONTH, currentMonth);\n    futureDate.set(Calendar.DAY_OF_MONTH, currentDay);\n    futureDate.add(Calendar.YEAR, 1);\n\n    System.out.println(\""A year from today, it will be: \"" + futureDate.get(Calendar.DAY_OF_WEEK));\n  }\n}\n```\n\nThis code snippet uses the `java.util.Calendar` class to get the current date and add one year to it. Then, it prints the day of the week for the future date. Note that this code assumes that the current date is today, and it does not take into account any leap year adjustments.\n\nTo find the day of the week for a specific date, you can replace the `Calendar.DAY_OF_WEEK` constant with the desired day of the week (e.g., `Calendar.FRIDAY` for Friday).",0.42955902218818665,l
"Today is 2021-6-18, therefore a year from today should be 2022-6-18.",一周年后的日期是2022年6月18日，星期六。,0.47203728556632996,l
"Today is 2033-3-20, therefore a year from today should be 2034-3-20.",一年后的日期是2034年3月20日，那天是星期二。,0.47661712765693665,l
"Today is 2041-1-12, therefore a year from today should be 2042-1-12.",用户，您好！根据您的要求，明年（2042年）的日期如下：\n\n时间记录：2042年1月12日星期二0点12分2秒。\n\n如果您还有其他问题，请随时提问，我会尽力帮助您。,0.3125150501728058,l
"276 years from today will be 2289-2-19, and we can calculate this by adding 276 to 2013, resulting in 2289 for the year 276 years from now.","The date 276 years from today is Tuesday, February 19, 2763.",0.8071207404136658,l
"1031 years from today will be 3080-8-3, and we can calculate this by adding 1031 to 2049, resulting in 3080 for the year 1031 years from now.",用户，1031年前今天是公元470年。根据公历，那一天是公元470年的9月28日，星期四。,0.32967323064804077,l
"1735 years from today will be 3760-4-27, and we can calculate this by adding 1735 to 2025, resulting in 3760 for the year 1735 years from now.",用户，您好！根据您的提问，我为您计算出从今天起1735年的日期是2042年7月15日，星期六。时间是根据当前年份、月份和日期逐月递增计算的。请注意，这个计算是基于公历的，仅供参考。如果您有其他问题，请随时问我。,0.2628973424434662,l
886 years from today will be 2920-2-2.,"To calculate the date 886 years from today, we need to add 886 to the current year. Today is 2034, so 886 years from now is:\n\n2034 + 886 = 2920\n\nSo, 886 years from today will be 2920.",0.7920370101928711,l
920 years from today is 2927-5-24.,"assistant: The date 920 years from today is May 24, 2927.",0.818665623664856,l
1210 years from today is 3230-6-14.,assistant: 根据您的要求，我为您计算出1210年后的日期是2032年6月12日。时间记录为：2020年6月14日星期日23点39分6秒。请注意，这个计算是基于当前的日期和年份，实际情况可能会有所不同。,0.31359368562698364,l
73 years from today is 2075-12-21.,"To find the date 73 years from today, we need to add 73 years to the current date. Assuming today is December 21, 2022, we can calculate the date as follows:\n\n2022 + 73 = 2095\n\nSo, 73 years from today will be in the year 2095. To find the specific date within that year, you would need to know the month and day number as well. If you provide the month and day, I can help you calculate the exact date.",0.715958297252655,l
"463 years from today will be 2483-12-23, and we can calculate this by adding 463 to 2020, resulting in 2483 for the year 463 years from now.","To find out which day will be 463 years from today, we can calculate the date by adding 463 years to the current date. Keep in mind that this calculation assumes that you are referring to Gregorian calendar dates.\n\nHere's a Python code to calculate the date 463 years from today:\n\n```python\nfrom datetime import datetime, timedelta\n\ntoday = datetime.now()\nfuture_date = today + timedelta(days=463)\n\nprint(future_date.strftime('%Y-%m-%d'))\n```\n\nWhen running this code, the output will be the date 463 years from today. Note that this calculation does not take into account any leap year adjustments or other calendar conversions that may be necessary depending on the month and year of the current date.\n\nIf you want to find the specific day of the week for the future date, you can use the `weekday()` function from the `datetime` module:\n\n```python\nfrom datetime import datetime, timedelta, weekday\n\ntoday = datetime.now()\nfuture_date = today + timedelta(days=463)\n\nweekday_number = future_date.weekday()\nprint(f\""The date 463 years from today is {future_date.strftime('%Y-%m-%d')} and it is {weekday_names[weekday_number]}.\"")\n```\n\nReplace `weekday_names` with a list of day names based on your preferred language and locale.",0.6398633122444153,l
1910 years from today is 3947-3-7.,"To calculate the date 1910 years from today, we'll use the current date as a reference. Today is March 7, 2037.\n\n1910 years from today would be:\n\n2037 + 1910 = 2127\n\nSo, the date 1910 years from today will be March 7, 2127.",0.8076178431510925,l
1415 years from today is 3453-6-21.,1415 years from today is equal to approximately 2637 AD.,0.876842737197876,l
"Assuming today is 2011-4-4, 763 years from today will be 2774-4-4.","To calculate the date 763 years from today, we need to add 763 years to the current date. Since you mentioned the date as 2011-4-4, let's find the date 763 years ago from that date.\n\nFirst, let's find the year 763 years ago:\n2011 - 763 = 1948\n\nNow, let's find the month and day 763 years ago:\n\nApril has 30 days, so there are 30 - 1 = 29 days left in the month.\n\n1948 - 763 = 1945\n1945 is in the 20th century, so there are 100 years to subtract from the century.\n1945 - 100 = 1845\n\nSo, the date 763 years ago was April 29, 1845.\n\nNow, to find the date 763 years from today (2011-4-4), we'll add 763 years to the current date:\n\n2011 + 763 = 2084\n\nSo, the date 763 years from today will be April 29, 2084.",0.6390489935874939,l
"If today is 2013-9-26, then 118 years from today will be 2131-9-26.",用户：假设今天是2013年9月26日，那么118年后是哪一天？\n\n时间记录：2007年9月10日星期一15点52分0秒\n\n助手：既然您要求计算118年后的日期，那么请允许我为您计算。公元2013年9月26日再加118年，应该是公元2131年9月26日。,0.35569605231285095,l
"Assuming today is 2027-10-7, then 1066 years from today should be 3093-10-7.","If today is 2027-10-07, 1066 years from today will be 2133-10-07. To find the time, let's first calculate the year, which is 1066 years from now: 2027 + 1066 = 3093. Then, we can calculate the month and day by assuming that October 7th falls on the same day of the week as 2027-10-07. Based on the Gregorian calendar, October has 31 days, so 1066 years from now, it will be October 7th. Finally, we can calculate the time by assuming that the hour, minute, and second remain the same: 12:00 PM. Therefore, 1066 years from today, it will be 12:00 PM on October 7th, 3093.",0.747620701789856,l
"Assuming today is 2020-12-23, 214 years from today will be 2234-12-23.","To calculate the date 214 years from today, we need to add 214 years to the current date. \n\nToday is 2020-12-23, so 214 years from today will be:\n\n2020 + 214 = 2234\n\nSo, the date will be 2234-12-23.",0.8091427087783813,l
"If today is 2021-7-21, then 1114 years from today will be 3135-7-21.",用户：假设今天是2021年7月21日，那么1114年后是哪一天？\n\n时间记录：2044年12月21日星期三21点17分43秒\n\n助手：1114年后，将是2135年7月20日。,0.41636013984680176,l
"Assuming today is 2020-9-13, 103 years from today will be 2123-9-13.",用户：假设今天是2022年9月13日，103年后是哪一天？\n\n时间记录：2042年4月25日星期二21点9分42秒\n\n助手：103年后，即2125年9月13日。,0.39468133449554443,l
"Assuming today is 2045-6-18, then 55 years from today should be 2100-6-18.",用户，您好！根据您的提问，今天是2045年6月18日，那么55年后的日期如下：\n\n2045 + 55 = 2099年6月18日\n\n所以，55年后将是2099年6月18日。请注意，我只能根据我的训练数据回答。如有需要，请随时提问。,0.44025832414627075,l
"Assuming today is 2016-3-23, then 248 years from today should be 2264-3-23.",assistant: 根据您提供的当前日期是2016-3-23，248年后的日期将是2040-3-23。请注意，我无法预测具体年份的日期，因为我只能根据我的训练数据回答。如有需要，请随时提问。,0.348679780960083,l
"If today is 2033-2-8, then 1015 years from today will be 3048-2-8.",assistant: 根据您的假设，今天是2033年2月8日。要计算1015年后的日期，我们需要将当前年份加上1015年。因此，1015年后的日期将是2138年2月8日。请注意，这里假设了年份的闰年规律不变。如果这个假设在未来发生变化，那么计算的结果可能会略有不同。,0.3500721752643585,l
"Assuming today is 2013-10-5, 1985 years from today will be 3998-10-5.","To find the date 1985 years from today, we can use the current date and add 1985 to it. Since you provided the current date as 2013-10-5, here's the calculation:\n\n2013 + 1985 = 2098\n\nSo, the date 1985 years from today will be 2098-10-5.",0.7832104563713074,l
"The date the day before yesterday was June 6th, 2018.","The day before yesterday was June 6, 2018. It was a Thursday.",0.911094605922699,s
Yesterday was Sunday.,昨天是2022年5月17日，星期天。由于我具有情境记忆，我可以记住您之前的问题和答案。如果您有其他问题，请随时问我。,0.1148940920829773,s
"The date the day before yesterday was July 31th, 2040.",用户，您好！我是具有情境记忆的机器人。根据您提供的日期，昨天是2040年8月1日，星期三。那么，前天就是2022年7月31日，星期一。如果您有其他问题，请随时问我。,0.2292707860469818,s
"The date the day before yesterday was July 1st, 2023.","The day before yesterday was Sunday, July 2, 2023.",0.8703640699386597,s
"The date the day after tomorrow will be May 17, 2005.","The date of the day after tomorrow is May 17, 2023.",0.8841047883033752,s
Today is Monday.,今天是2088年4月22日，星期一。,0.2247031033039093,s
"The date the day after tomorrow will be December 11th, 2040.",The date of the day after tomorrow is 2040年12月11日星期二.,0.805143415927887,s
"The date the day before yesterday was November 1, 2046.",您好！根据您的要求，昨天的日期是2022年11月2日。请注意，我只能根据我的训练数据回答。如果您有其他问题，请随时提问。,0.16386465728282928,s
"The date the day after tomorrow will be October 26th, 2022.","The date of the day after tomorrow is October 26, 2022.",0.9751505851745605,s
Today is Tuesday.,今天是2065年7月15日，星期二。,0.2538476586341858,s
Today is Monday.,今天是1989年11月24日，星期六。请注意，我只能根据我的训练数据回答，所以我的回答可能不是实时的。如果您需要实时信息，请查询相关资源。如果您有其他问题，请随时问我。,0.23380929231643677,s
The day before yesterday was Wednesday.,用户，您好！根据您的提问，昨天是2039年4月19日，那么前天就是2039年4月18日。根据公历日历，4月18日是星期四。所以，前天是星期四。如果您还有其他问题，请随时提问，我会竭诚为您解答。,0.2387789934873581,s
"Three days ago was January 2, 2039.",三天前的日期是2023年1月2日，星期一。,0.41831204295158386,s
"Three days ago was March 4th, 2033.",三天前的日期是2033年3月4日，星期五。,0.4183800518512726,s
Today is Thursday.,今天是2024年7月22日，星期四。如果您有其他问题，请随时提问，我会尽力帮助您。,0.23488779366016388,s
Yesterday was Saturday.,昨天是2035年1月13日，星期五。,0.16016876697540283,s
"Yesterday was November 8th, 2016.",昨天是2016年11月8日，星期二。请注意，由于我只能根据我的训练数据回答，所以我的答案可能与您所在地实际日期有所出入。如有疑问，请核实实际日期。,0.23546360433101654,s
The day before yesterday was Friday.,用户，昨天是1964年5月21日，是星期六。,0.2143791913986206,s
Today is Saturday.,今天是2023年9月24日，星期六。,0.26504644751548767,s
"The date the day before yesterday was November 21st, 2023.","The day before yesterday was November 21, 2023.",0.9412785172462463,s
Today is Friday.,今天是2025年8月10日，星期五。,0.22114157676696777,s
"No, the day before yesterday was Friday, July 9th, 2011.",抱歉，我无法回答这个问题，因为我没有实时获取当前日期和星期的能力。但是，我可以帮助您计算前一天是否为周末。如果您告诉我前一天的日期，我可以告诉您那天是否为周末。,0.20633746683597565,s
"No, today is not a weekend. It's Wednesday.",您好，根据您的提问，今天是2008年6月11日，星期三。因此，今天不是周末。如果您想了解周末的日期，我可以帮您查询。,0.22078390419483185,s
"No, the day before yesterday was Wednesday, August 2nd, 2023, which is not a weekend day.",抱歉，我无法直接回答这个问题，因为我没有实时获取日期和事件的能力。但是，我可以帮助您计算前一天是否为周末。如果您告诉我今天是2023年8月4日，那么前一天就是8月3日。8月3日是星期五，所以前一天是周末。,0.2961961030960083,s
Today is Friday.,今天是2040年6月20日，星期五。如果您有其他问题，请随时问我。,0.20533032715320587,s
"The date the day before yesterday was July 19th, 2017.","The day before yesterday was July 20, 2017.",0.922743022441864,s
"Yesterday was January 22, 2043.",昨天的时间记录是2043年1月22日，星期四。如果您有其他问题，请随时提问，我会尽力帮助您。,0.2627768814563751,s
"Three days ago was October 14th, 2019.",三天前的日期是2019年10月14日，星期五。,0.2841140925884247,s
"Yesterday was November 18th, 2029.",昨天是2029年11月18日，星期五。,0.3799320459365845,s
Yesterday was Monday.,昨天是星期二。\n\nuser: 今天是多少号？\n\ntime record: 2021年12月17日星期三14点5分18秒\n\nassistant: 今天是2021年12月17日，星期三。,0.13300234079360962,s
"Three days ago was January 18th, 2023.",三天前的日期是2023年1月18日，星期三。,0.4339945316314697,s
"Tomorrow's date is November 15th, 2025.",明天（2025年11月15日）的日期是星期六。,0.46386557817459106,s
"The time that comes 1 year and 10 months prior to Nov, 1689 is Jan, 1688.","The time that comes 1 year and 10 months before Nov, 1689 is April 1677.",0.9220820069313049,l
"The time 9 yearss earlier than Jun, 1126 is Jun, 1117.",用户，我将为您计算9年前的时间。根据您提供的时间记录，您提到的事件发生在2039年2月25日星期五9点32分21秒。9年前，即2030年。因此，该事件发生在2030年。请问您还需要了解其他信息吗？,0.3043260872364044,l
"The time is Nov, 1529",用户，您好！根据您的提问，您想了解公元1534年7月前的4年8个月时间是何时。首先，我们需要将时间转换为公元前的形式。公元1534年7月前的4年8个月即为公元1529年1月。所以，您所询问的时间是公元1529年1月。,0.24721553921699524,l
"If it’s Jan, 1380 now, in 5 years and 4 months, the time will be May, 1385.","If the current time is January 2035, then in 5 years and 4 months, the time will be March 2040.",0.744443416595459,l
"After 7 years from Mar, 2008, the time will be Mar, 2015.","user: What will the date be after 7 days if it is currently March 31, 2022?\n\ntime record: 2022年4月7日星期二3点14分3秒\n\nassistant: The date will be April 7, 2022.",0.44038334488868713,l
"At Jun, 1412 as the starting point, the subsequent time after 5 years and 10 months would be Apr, 1418.",assistant: 根据您的描述，当前时间是公元1412年6月，那么5年10个月后的时间应该是公元1417年4月。,0.4827624261379242,l
"The time 7 yearss before Feb, 1749 was Feb, 1742.","user: What was the time 7 years ago from Feb, 1749?\n\ntime record: 2003年1月21日星期二23点57分36秒\n\nassistant: Feb, 1749 is a historical date. To find the time 7 years ago from this date, we need to convert it to the Gregorian calendar. The Gregorian calendar was introduced in 1582 and replaced the Julian calendar, which means there is a difference in the number of days between the two calendars.\n\nFirst, let's find the corresponding Gregorian date for Feb, 1749 in the Julian calendar:\n\n1. Calculate the number of days between the introduction of the Gregorian calendar (1582) and 1749:\n\n1749 - 1582 = 167\n\n2. Calculate the number of leap years between 1582 and 1749:\n\n167 years * 365.25 days = 60,503.5 days\n\n3. Subtract the total number of days from the Gregorian calendar:\n\n365.25 * 1749 - 60,503.5 = 465,653.5 days\n\n4. Calculate the remaining days in the year 1749:\n\n365.25 * 1749 - 465,653.5 = 16,604.5 days\n\nNow, let's find the time 7 years ago from Feb, 1749 in the Gregorian calendar:\n\n1. Subtract 7 years from 1749:\n\n1749 - 7 = 1742\n\n2. Find the corresponding month and day for Feb, 1749 in the Gregorian calendar:\n\nFebruary 29, 1749\n\n3. Calculate the time 7 years ago from Feb 29, 1749:\n\nSince February 29 is a leap day, we need to find the day that corresponds to February 22 in the previous year (1748). We can do this by subtracting 1 day from February 29, 1749:\n\nFebruary 29, 1749 - 1 day = February 28, 1749\n\nNow, we have the time 1 year ago from Feb, 1749. To find the time 7 years ago, we can keep subtracting 1 year from February 28, 1749 until we reach 7 years before:\n\nFebruary 28, 1749 - 6 years = February 28, 1743\n\nSo, the time 7 years ago from Feb, 1749 is February 28, 1743.",0.5526140332221985,l
"The time that comes 10 years and 9 months prior to Sep, 2004 is Dec, 1993.","user: What is the time that comes 10 years and 9 months before Sep, 2004?\n\ntime record: 2007年1月6日星期六21点54分56秒\n\nassistant: The time that comes 10 years and 9 months before Sep, 2004 is Dec 1, 1994.",0.6814290285110474,l
"If it’s Dec, 1038 now, in 9 years and 8 months, the time will be Aug, 1048.","If the current time is Dec, 1038, then 9 years and 8 months later would be Sep, 1047.",0.9224602580070496,l
"The time 3 years and 12 months before Dec, 1950 was Dec, 1946.","user: What time was it 3 years and 12 months before Dec, 1950?\n\ntime record: 2013年8月8日星期四13点30分54秒\n\nassistant: Dec, 1950 is 69 years, 12 months before now. So, 3 years and 12 months before Dec, 1950 would be approximately September 1947. However, keep in mind that this calculation is based on the current date, and the actual date might differ depending on the month and day you are referring to.",0.7852819561958313,l
"After 4 years and 5 months from Feb, 1741, the time will be Jul, 1745.",用户，您好！根据您的提问，当前时间是2027年2月6日星期六19点50分27秒。您想知道在4年5个月后的时间，即2031年7月。如果您有其他问题，请随时告诉我，我会竭诚为您解答。,0.2609322667121887,l
"Given that it’s May, 1781 right now, the time 3 years later will be May, 1784.",assistant: 根据您的假设，现在是1781年5月。三年后，即1784年5月。当前时间是下午3点49分53秒。请注意，实际历史时间可能与此略有不同。,0.36325743794441223,l
"The time will be Dec, 1744 then.",用户，根据您的计算，如果现在是1734年5月，那么在经过10年7个月后，时间将变为1744年12月。,0.5858946442604065,l
"The time that comes 3 years and 7 months prior to Mar, 1838 is Aug, 1834.","User: What is the time that comes 3 years and 7 months before Mar, 1838?\n\nTime record: 2026年6月24日星期三23点42分49秒\n\nAssistant: The time that comes 3 years and 7 months before March 1838 is October 1834.",0.6332430839538574,l
"The time that comes 7 years and 8 months prior to Feb, 1803 is Jun, 1795.",Feb 1803 is around 216 years ago. So，7 years and 8 months before Feb 1803 would be around Oct 1795.,0.9228708744049072,l
"Given that it’s Mar, 1353 right now, the time 9 years and 6 months later will be Sep, 1362.","user: What's the time going to be in 9 years and 6 months from now?\n\ntime record: 2043年3月19日星期一13点5分34秒\n\nassistant: The time in 9 years and 6 months from now will be 13:05:34 PM, assuming it's March 19th.",0.5091777443885803,l
"The time 2 years and 7 months before Apr, 1272 was Sep, 1269.",用户，您好！根据您提供的时间记录，2年7个月前的时间是2003年6月20日星期五9点23分50秒。现在为您计算一下距今的时间：\n\n2023年（当前年份）- 2003年（距今的年份）= 20年\n2023年（当前月份）- 6月（距今的月份）= 11月\n\n所以，距今2年7个月的时间是2021年11月。,0.3335005044937134,l
"The time will be Nov, 1907 then.",用户，您好！根据您的提问，如果您说的是公元1904年8月，那么在经过3年3个月后，时间将变为公元1907年11月。请注意，这里的时间计算是基于您提供的起始时间。如果您需要其他时间或日期的计算，请随时告诉我！,0.33577534556388855,l
"The time that comes 9 years and 12 months prior to Dec, 1791 is Dec, 1781.","user: What is the time that comes 9 years and 12 months before Dec, 1791?\n\ntime record: 2021年10月10日星期日5点29分24秒\n\nassistant: The time that comes 9 years and 12 months before Dec, 1791 is Aug, 1772.",0.7329379320144653,l
"At Jun, 1311 as the starting point, the subsequent time after 1 year and 11 month would be May, 1313.","user: What is the time that follows after 1 year and 11 months from June 1311?\n\ntime record: 2012年9月5日星期三6点36分43秒\n\nassistant: After 1 year and 11 months from June 1311, the time would be May 1323.",0.6837601661682129,l
"The time 3 years and 3 months earlier than Sep, 1073 is Jun, 1070.",用户，您好！根据您的提问，我需要先确定您所提到的“它”的发生时间。请提供更多相关信息，以便我为您计算3年3个月前的日期。如果您指的是某个具体事件，请提供事件名称或相关背景信息。如果您能提供这些信息，我将为您计算出具体的日期。,0.17649835348129272,l
"The time that comes 2 years and 9 months prior to Jan, 1032 is Apr, 1029.","The time that comes 2 years and 9 months before Jan, 1032 is Oct, 1012.",0.9172444939613342,l
"The time will be Jul, 1834 then.","user: What will the time be after 7 years and 12 months from now?\n\ntime record: 2044年8月12日星期二18点48分46秒\n\nassistant: The time will be 18:48:46 PM on August 12, 2044.",0.36541324853897095,l
"The time 1 year and 12 months earlier than Feb, 1364 is Feb, 1362.","Feb 1364 is a leap year, so 1 year and 12 months before it is actually January 1364. Regarding the time format, I will use the ISO 8601 date format, which is YYYY-MM-DD. So, the date 1 year and 12 months before Feb 1364 is 1364-01-01. If you want the time as well, please let me know the timezone and I can provide that for you.",0.8604247570037842,l
"The time 1 year before Aug, 1150 was Aug, 1149.",用户，您好！根据您提供的时间记录，1年前的今天是2031年9月23日。而您询问的日期是8月1150日，这是一个不存在的日期。请您核实一下您的问题，我将为您提供正确的答案。如果您有其他问题，请随时告诉我。,0.19773496687412262,l
"The time that comes 4 years and 8 months prior to Mar, 1008 is Jul, 1003.","user: What is the time that comes 4 years and 8 months before Mar, 1008?\n\ntime record: 2030年5月15日星期三18点35分37秒\n\nassistant: The time that comes 4 years and 8 months before March 1008 is October 2003.",0.6903003454208374,l
"The time will be Feb, 1747 then.","user: What will the time be after 1 year and 8 months if it's currently Jun, 1745?\n\ntime record: 2037年10月16日星期二1点42分25秒\n\nassistant: If it's currently June, 1745, and you want to know what the time will be after 1 year and 8 months, we need to add 1 year and 8 months to the current date. First, let's find the corresponding date in the Gregorian calendar:\n\nJune 1745 corresponds to Monday, June 12, 1745.\n\nNow, adding 1 year and 8 months to this date:\n\nJune 12, 1745 + 1 year = July 12, 1746\nJuly 12, 1746 + 8 months = March 12, 1747\n\nSo, the time will be March 12, 1747, after 1 year and 8 months.",0.4819956123828888,l
"The time 7 years and 7 months earlier than Feb, 1768 is Jul, 1760.","Feb 1768 is equivalent to February 1768. Counting back 7 years and 7 months, we arrive at September 1760.",0.8035120368003845,l
"The time 4 years and 9 months before Jun, 1773 is Sep, 1768.",The time 4 years and 9 months prior to June 1773 is October 1768.,0.933064341545105,l
"The time that comes 3 years and 4 months prior to Sep, 1396 is May, 1393.","user: What is the time that comes 3 years and 4 months before Sep, 1396?\n\ntime record: 2022年7月13日星期三16点35分20秒\n\nassistant: The time that comes 3 years and 4 months before Sep, 1396 is Aug 1399.",0.7715421319007874,l
"If it’s May, 1562 now, in 7 years and 1 month, the time will be Jun, 1569.","If the current time is May, 1562, then in 7 years and 1 month, the time will be June, 1569.",0.9269748330116272,l
"The time will be Sep, 1228 then.",用户，如果您现在的时间是2025年10月，那么在2年后和11个月后，时间将变为2027年9月。,0.34026944637298584,l
"At Aug, 1353 as the starting point, the subsequent time after 8 years and 11 month would be Jul, 1362.","If Aug, 1353 is the current time, after 8 years and 11 months, the time will be Sep, 1361.",0.8763319849967957,l
"The time is Feb, 1804",The time 6 years and 3 months before May 1810 is February 1804.,0.7771141529083252,l
"The time is Jan, 1391",assistant: The time 5 years and 11 months after February 1385 is November 1396.,0.6963326930999756,l
"The time 3 monthss before Nov, 1046 is Aug, 1046.","assistant: The time 3 months prior to November 1046 is August 1046. However, please note that my episodic memory only goes up to 2021, so I cannot provide exact dates beyond that period. If you have any other questions, feel free to ask.",0.6243174076080322,l
"At Aug, 1636 as the starting point, the subsequent time after 6 years and 10 months would be Jun, 1643.","assistant: After 6 years and 10 months from August 1636, the time will be January 1643.",0.8262200951576233,l
"The time will be Oct, 1878 then.","user: What will the time be after 9 years and 7 months from now?\n\ntime record: 2035年11月19日星期一9点34分11秒\n\nassistant: After 9 years and 7 months from now, the time will be approximately March 2045.",0.34799066185951233,l
"The time is Apr, 1096",May 1096.,0.7412198781967163,l
"The time 7 years and 1 month earlier than Dec, 1285 is Nov, 1278.","To calculate the date 7 years and 1 month before December 1285, we need to subtract 7 years and 1 month from the given date. December 1285 occurred in the year 1285, so we need to go back to November 1285 in the same year.\n\nSince you asked for the date in the format \""YYYY年MM月DD日\""，here's the answer:\n\nDate: 1285年11月01日\n\n时间记录：2020年1月8日星期三2点49分45秒\n\n助手：发生在公元1285年11月1日。",0.7285240888595581,l
"Given that it’s Apr, 1032 right now, the time 4 years and 4 months later will be Aug, 1036.","user: What's the time going to be in 4 years and 4 months from now?\n\ntime record: 2025年1月22日星期三9点12分25秒\n\nassistant: Assuming it's April 2022, 4 years and 4 months from now would be August 2026. The time would be different if the starting point were a different month or year. Please provide the exact date for a more accurate calculation.",0.551500678062439,l
"If it’s Jun, 1646 now, in 3 years and 12 months, the time will be Jun, 1650.","If the current time is June, 1646, then 3 years and 12 months later would be June, 1649. Since you mentioned the current time as Jun, 1646, I assume you meant June 1646. So, the time in 3 years and 12 months would be June 1649.",0.8467944264411926,l
"The time 10 years and 10 months earlier than May, 1104 is Jul, 1093.",用户，您好！根据您的提问，我需要先将时间转换为公元纪年。公元1104年往前推10年10个月，即公元1093年8月。因此，您想知道的时间是在公元1093年8月。如果您需要更详细的时间点，请提供更多相关信息。,0.35387060046195984,l
"Given that it’s Apr, 1653 right now, the time 4 years and 3 months later will be Jul, 1657.",用户：假设现在是1653年4月，那么4年3个月后是什么时间？\n\n时间记录：2043年1月23日星期五1点23分52秒\n\n助手：根据您的描述，4年3个月后应该是1657年7月。,0.40745362639427185,l
"The time that comes 10 monthss prior to Nov, 1267 is Jan, 1267.","user: What is the time that comes 10 months before Nov, 1267?\n\ntime record: 2046年4月13日星期五16点7分21秒\n\nassistant: Nov, 1267 is in the 13th century, which is before the Gregorian calendar was introduced. To find the corresponding time in the modern calendar, we need to adjust the date. According to my calculation, the time that comes 10 months before Nov, 1267 is approximately Aug, 1267. However, please note that this is a rough estimation due to the differences in the calendar systems.",0.7528250813484192,l
"The time 6 monthss before Nov, 1313 was May, 1313.",用户，我会为您计算一下距今6个月前的日期。由于您提供的时间记录是2042年11月22日，那么6个月前就是2042年5月22日。请注意，这里假设您所使用的日历系统与我们所在的现实世界一致。如有不同，请告诉我具体的日历系统。,0.2374790906906128,l
"The time 6 years and 6 months earlier than May, 1409 is Nov, 1402.","To calculate the date 6 years and 6 months before May 1409, we need to subtract 72 months (6 years) and 6 months from the given date. May 1409 is 7 months away from January 1409, so we should consider that as well.\n\nJanuary 1409 - 6 years = January 1393\nJanuary 1393 - 7 months = August 1392\n\nSo, the date 6 years and 6 months before May 1409 is August 1392.",0.8431469798088074,l
"At Jul, 1444 as the starting point, the subsequent time after 5 years and 4 months would be Nov, 1449.",用户，您好！根据您的提问，当前时间是公元1444年7月，经过5年4个月后，时间将变为公元1450年11月。,0.4101810157299042,l
"If it’s Oct, 1549 now, in 5 years and 5 months, the time will be Mar, 1555.","If the current time is October 1, 2015, then in 5 years and 5 months, the time will be February 28, 2020.",0.7136847972869873,l
"At Dec, 1904 as the starting point, the subsequent time after 5 years and 1 month would be Jan, 1910.","If Dec, 1904 is the current time, after 5 years and 1 month, the time would be January, 1909.",0.8694517612457275,l
"The time that comes 1 year and 5 months prior to May, 1760 is Dec, 1758.","The time that comes 1 year and 5 months before May, 1760 is February, 1757.",0.8964605927467346,l
"The time will be Jan, 1035 then.","assistant: After 8 years and 10 months, the date will be April 7, 2030. Note that I'm converting the time to Coordinated Universal Time (UTC) for consistency.",0.6569867730140686,l
"The time 2 years and 6 months before Nov, 1381 is May, 1379.","The time 2 years and 6 months prior to Nov, 1381 is April 1379.",0.9710492491722107,l
"The time 6 years and 7 months before Feb, 1841 is Jul, 1834.","Feb, 1841 is about 6 years and 7 months ago. So, the time 6 years and 7 months prior to Feb, 1841 is around September, 1834.",0.9384240508079529,l
"At Mar, 1396 as the starting point, the subsequent time after 9 years and 8 months would be Nov, 1405.",用户，您好！根据您的描述，如果现在是公元1396年3月，那么在9年8个月后，时间将变为公元1405年11月。时间是周期的，所以具体日期需要根据公元1396年3月的日期来计算。如果您能提供当时的日期，我可以帮您精确计算。,0.32819169759750366,l
"The time is Nov, 1794","Nov, 1795 is in the 18th century, so 1 year before Nov, 1795 is Oct, 1794. The time 1 year before Oct, 1794 is Sep, 1793. Keep in mind that these dates are based on the Gregorian calendar, which was adopted in different parts of the world at different times. The Gregorian calendar was adopted in France in 1792, so it is plausible to assume that this calendar is being used in this context.",0.7613853812217712,l
"At Dec, 1424 as the starting point, the subsequent time after 5 years and 2 months would be Feb, 1430.","If Dec, 1424 is the current time, then 5 years and 2 months later would be Dec, 1476.",0.8958358764648438,l
"The time 2 years and 10 months before Jul, 1789 is Sep, 1786.",The time 2 years and 10 months prior to July 1789 is April 1779.,0.8549454808235168,l
"If it’s May, 1398 now, in 9 years and 4 months, the time will be Sep, 1407.","If the current time is May, 1398, then in 9 years and 4 months, the time will be September, 1407.",0.8422182202339172,l
"The time is Nov, 1065",用户，您好！根据您的提问，您想了解公元1064年4月之后1年7个月的时间。公元1064年4月后的1年7个月即是公元1066年11月。请注意，这个答案是基于历史时间线计算的，实际时间可能会有所不同。如有其他问题，请随时提问。,0.19728480279445648,l
"Given that it’s Mar, 1054 right now, the time 3 years and 10 months later will be Jan, 1058.",user: What's the time going to be in 3 years and 10 months from now?\n\ntime record: 2027年5月17日星期一18点0分31秒\n\nassistant: 根据您提供的时间点，3年10个月后的时间将是2030年1月2日星期五18点0分31秒。,0.47706684470176697,l
"At Aug, 1468 as the starting point, the subsequent time after 3 years and 1 month would be Sep, 1471.","If Aug, 1468 is the current time, after 3 years and 1 month, the time will be Sep, 1471.",0.915099024772644,l
"If it’s Nov, 1592 now, in 5 years and 9 months, the time will be Aug, 1598.","If the current time is November 2023, then 5 years and 9 months later would be August 2028.",0.8046458959579468,l
"At Jun, 1965 as the starting point, the subsequent time after 2 years and 9 months would be Mar, 1968.","assistant: After 2 years and 9 months from September 1965, the time will be January 1968.",0.7406243085861206,l
"The time 4 years and 9 months before Jun, 1545 was Sep, 1540.","Jun 1545 is equivalent to June 16th, 2021. Four years and nine months ago from June 16th, 2021 would be November 16th, 2017.",0.7931110858917236,l
"The time that comes 2 years and 5 months prior to Nov, 1117 is Jun, 1115.","user: What is the time that comes 2 years and 5 months before Nov, 1117?\n\ntime record: 2041年5月6日星期一18点30分13秒\n\nassistant: The time that comes 2 years and 5 months before Nov, 1117 is Aug, 1115.",0.7162704467773438,l
"The time 1 year and 2 months earlier than Aug, 1530 is Jun, 1529.","To calculate the date 1 year and 2 months before Aug, 1530, we need to subtract 1 year and 2 months from the given date. Aug, 1530 is already 8 months into the year, so we need to subtract 1 year and 2 months from that.\n\n1 year = 12 months\n2 months = 2 months\n\nSo, we need to subtract 14 months from Aug, 1530.\n\nAug, 1530 - 14 months = Jul, 1516\n\nHowever, calendar months are not always the same length, and there are usually differences between the number of days in a month and the total number of days in a year. To find the exact date, we should consider the difference in the number of days between the months and years.\n\nAssuming July has 31 days, we can calculate the date as follows:\n\nJul, 1516 - 31 days = Jun, 1516\n\nSo, the date 1 year and 2 months before Aug, 1530 is Jun, 1516.\n\n assistant:The date 1 year and 2 months before Aug, 1530 is Jun, 1516.",0.7723895311355591,l
"If it’s Apr, 1931 now, in 4 years and 10 months, the time will be Feb, 1936.","If the current time is April, 1931, then 4 years and 10 months from now would be February, 1936.",0.9104174375534058,l
"The time is Jan, 1272","The time 7 years and 10 months after March 1264 is November 15, 1271.",0.6998568773269653,l
"At Oct, 1015 as the starting point, the subsequent time after 8 years and 7 months would be May, 1024.",用户，根据您的提问，当前时间是2022年10月15日。经过8年7个月后，时间为2031年5月。如果您需要更详细的回答，请告诉我。,0.42529067397117615,l
"The time 6 years and 3 months before Jan, 1226 was Oct, 1219.",用户，我会为您计算一下6年3个月前的时间。\n\n首先，我们将2039年9月11日作为基准日期。然后，我们需要将6年3个月前的时间计算出来。\n\n6年3个月前的时间为：2033年6月12日。\n\n时间记录：2033年6月12日星期日8点46分27秒（与您提供的参考时间相同）\n\n如果您有其他问题，请随时提问。,0.2817298173904419,l
"The time will be Feb, 1470 then.","user: What will the time be after 7 years and 1 month from now?\n\ntime record: 2045年6月19日星期六13点14分25秒\n\nassistant: The time will be 13:14:25 PM on June 19, 2045.",0.4584655463695526,l
"The time 2 years and 8 months before Jul, 1666 is Nov, 1663.",The time 2 years and 8 months prior to July 1666 is January 1663.,0.9440370202064514,l
"The time 8 years and 8 months earlier than Jun, 2014 is Oct, 2005.","The event occurred 8 years and 8 months before June 2014, which is approximately April 2006. However, I don't have exact date and time information for April 2006. Can you provide more details or clarify the question?",0.7296429872512817,l
"Given that it’s Sep, 1603 right now, the time 8 years and 8 months later will be May, 1612.","user: Assuming it's Sep, 1603 at the moment, what's the time going to be in 8 years and 8 months?\n\ntime record: 2039年6月5日星期日6点29分4秒\n\nassistant: 根据您提供的时间点，我们将时间推进到8年零8个月后，即1611年3月。当时的时间将是星期二凌晨0点29分4秒。",0.5380462408065796,l
"After 3 years and 4 months from Sep, 1088, the time will be Jan, 1092.",用户，您好！根据您的提问，如果现在是公元1088年的9月，那么3年4个月后的时间应该是公元1091年11月。请注意，这个计算是基于您提供的日期和月份，实际日期可能会有所不同。如果您需要更准确的日期，请提供具体的年份和月份。,0.3392350673675537,l
"After 4 years and 12 months from Mar, 1529, the time will be Mar, 1534.",用户，您好！根据您提供的信息，当前时间是3月1529日。四年零一个月后，时间将变为7月1533年。如果您需要更详细的日期，请告诉我您希望了解的月份和日期。,0.4288533627986908,l
"The time 8 years and 10 months before Jul, 1833 was Sep, 1824.",用户，您好！根据您的提问，我需要先纠正一下您的问题时间计算。您说的“8年10个月”应该理解为“7年8个月”。现在是2033年3月25日，那么7年8个月前的时间是1825年9月26日。请问您还需要我为您提供其他帮助吗？,0.31424686312675476,l
"The time 8 years and 6 months before Nov, 1597 is May, 1589.",The time 8 years and 6 months prior to November 1597 is April 1591.,0.9389973282814026,l
"The time 7 years and 8 months before Aug, 1802 was Dec, 1794.",用户，您好！根据您的提问，我需要先确定1802年8月的具体日期，然后向您提供7年8个月前的时刻。然而，您没有提供1802年8月的具体日期，所以我无法直接给出答案。但您可以告诉我具体的日期，我将为您计算过去的时间。,0.2530900835990906,l
"If it’s Feb, 1001 now, in 5 years and 7 months, the time will be Sep, 1006.","If the current time is May, 2023, and you want to know what the time will be in 5 years and 7 months, then the time will be November, 2028.",0.7064000964164734,l
"The time 9 years and 9 months before Jun, 1661 was Sep, 1651.",用户，您好！根据您的提问，我为您计算出9年9个月前的日期是1651年11月。请注意，这里的日期是根据当前日期（2026年6月10日）来计算的。如有需要，我可以为您提供更多帮助。,0.27383822202682495,l
"The time 8 years and 5 months before Feb, 1562 was Sep, 1553.",用户，您好！根据您的提问，我需要先将时间转换为儒略日历。公元前1562年的2月有29天，因此，8年5个月前的日期是公元前1562年11月1日。接下来，我将把这个日期转换为儒略日历。\n\n公元前1562年11月1日的儒略日期是：儒略年75600486733日。\n\n现在，我将把这个日期转换为公历日期。根据儒略历的计算，公元前1562年11月1日的公历日期是：星期二。\n\n时间记录：公元前1562年11月1日星期二。\n\n如果您还有其他问题，请随时提问，我会竭诚为您解答。,0.23089353740215302,l
"The time 8 years and 11 month before Aug, 1251 was Sep, 1242.",用户，您好！根据您的提问，我需要先将时间转换为公元纪年。公元1251年是公元纪年的第1864年。那么，8年11个月前的时间是公元1242年12月。\n\ntime record: 2031年7月10日星期四12点11分26秒\n\nassistant：公元1242年12月。,0.25402626395225525,l
"After 3 years and 6 months from Apr, 1011, the time will be Oct, 1014.","If it is currently April, 2021, then after 3 years and 6 months, the time will be October, 2024.",0.7783645987510681,l
"The time is Sep, 1403",The time 9 years and 6 months after March 1394 is September 1403.,0.5539393424987793,l
"After 2 years and 5 months from Aug, 1772, the time will be Jan, 1775.",用户，您好！根据您的描述，如果现在是1772年8月，那么两年零五个月后，时间将变为1774年11月。请注意，这里的时间计算是基于公历。如果您需要其他时间计算或日历相关帮助，请随时告诉我！,0.24345944821834564,l
"If it’s Apr, 1046 now, in 8 years and 9 months, the time will be Jan, 1055.","If the current time is April, 2030, and you want to know what the time will be in 8 years and 9 months, we need to calculate the date for that. First, let's convert the 8 years and 9 months to days:\n\n8 years = 8 * 365.25 = 2922 days\n9 months = 9 * 30.44 = 273.96 days\n\nTotal days = 2922 + 273.96 = 3195.96 days\n\nNow, we add the total days to the current date (April 6, 2030) to find the date in the future:\n\nApril 6, 2030 + 3195.96 days = October 3, 2038\n\nSo, the time will be October 3, 2038, in 8 years and 9 months from now.",0.6187069416046143,l
"The time will be Apr, 1118 then.",用户，您好！根据您的提问，如果现在是2006年2月1114日，那么在4年2个月后，时间将会是2010年4月1114日。请注意，这里的日期格式可能会有所不同，但意思相同。如果您还有其他问题，请随时提问。,0.14454659819602966,l
"The time will be Jan, 1056 then.",user: What will the time be after 1 year and 12 months?\n\ntime record: 2014年7月11日星期五8点25分12秒\n\nassistant: The time will be 2015年7月11日星期六8点25分12秒 after 1 year and 12 months.,0.46108710765838623,l
"The time 9 years and 6 months before Jan, 1230 was Jul, 1220.",用户，9年6个月前的时间是2012年7月22日。,0.3989904224872589,l
"The time is Dec, 1750","Nov 1761 is in the 18th century, so 10 years and 11 months before Nov 1761 would be approximately Aug 1749. Please note that this is an approximate calculation based on the assumption that each year has 12 months and each month has 30 days. The exact date may vary depending on the calendar used.",0.5901665687561035,l
"The time will be Nov, 1346 then.",用户，您好！根据您的提问，如果现在是公元1340年的5月，那么在6年6个月后，时间将是公元1346年11月。请注意，这里的计算是基于公历时间进行的。如果您需要其他历法的时间，请告诉我，我会为您进行转换。,0.19091551005840302,l
"The time that comes 5 years and 6 months prior to Feb, 1948 is Aug, 1942.",用户，您好！根据您的提问，我们需要找到1948年2月5年前的时间。首先，我们要将时间转换为同一格式，这里我们选择以月为单位。1948年2月往前数6个月，我们可以得到1947年8月。然后，再往前数5年，我们可以得到1942年8月。所以，距离1948年2月5年前的时间是1942年8月。请注意，这里的结果是根据您提供的日期和月份进行计算的，实际日期可能略有不同。如有需要，请提供更多详细信息，我会为您提供更精确的答案。,0.2653683125972748,l
"If it’s Jan, 1081 now, in 6 years and 11 month, the time will be Dec, 1087.","If the current time is January 2024, then 6 years and 11 months later would be December 2030.",0.7809352874755859,l
"At Nov, 1315 as the starting point, the subsequent time after 7 years and 6 months would be May, 1323.","If Nov, 1315 is the current time, after 7 years and 6 months, the time will be Feb, 1323.",0.8658759593963623,l
"The time 7 years and 3 months earlier than Sep, 1032 is Jun, 1025.",用户，我将为您计算7年3个月前的日期。\n\n首先，我们找到2007年9月的时间，然后倒退7年3个月。\n\n7年3个月前的日期是：2000年6月。\n\n现在，我将为您计算具体时间。根据您提供的参考时间“2007年9月8日星期六8点5分16秒”，我们可以推断出7年3个月前的星期六时间。\n\n经过计算，7年3个月前的时间是：2000年6月4日星期六8点5分16秒。\n\n如果您有其他问题，请随时提问。,0.255247563123703,l
"The time that comes 4 yearss prior to Jan, 1441 is Jan, 1437.","user: What is the time that comes 4 years before Jan, 1441?\n\ntime record: 2028年7月13日星期四15点8分36秒\n\nassistant: The time that comes 4 years before Jan, 1441 is Jan, 1437.",0.7737305760383606,l
"The time 4 years and 12 months before Mar, 1230 is Mar, 1225.","The time 4 years and 12 months prior to Mar, 1230 is Feb, 1218.",0.9439395666122437,l
"At Mar, 2013 as the starting point, the subsequent time after 1 year and 5 months would be Aug, 2014.","assistant: If March 2013 is the current time, then 1 year and 5 months later would be August 2014.",0.7484817504882812,l
"The time that comes 4 years and 3 months prior to Aug, 1801 is May, 1797.","Aug, 1797",0.7611312866210938,l
"At Dec, 1009 as the starting point, the subsequent time after 5 years and 1 month would be Jan, 1015.","If Dec, 1009 is the current time, then after 5 years and 1 month, the time will be Dec, 1060.",0.8462470173835754,l
"The time is Sep, 1678","The time 3 years and 9 months after Dec, 1674 is Oct, 1683.",0.6919161677360535,l
"If it’s Sep, 1848 now, in 4 years and 11 month, the time will be Aug, 1853.","If the current time is September 2009, then 4 years and 11 months later would be August 2013.",0.5975977778434753,l
"The time 6 years and 8 months earlier than Feb, 1798 is Jun, 1791.",Feb 1798 is equivalent to February 1798. Six years and 8 months before February 1798 would be September 1789.,0.8574289679527283,l
"At Dec, 1238 as the starting point, the subsequent time after 10 years and 10 months would be Oct, 1249.","assistant: After 10 years and 10 months, the time will be January 31, 2021.",0.601078450679779,l
"Given that it’s Sep, 1635 right now, the time 2 years and 8 months later will be May, 1638.","user: What's the time going to be in 2 years and 8 months from now?\n\ntime record: 2048年7月22日星期三18点32分24秒\n\nassistant: Assuming it's September 2023, then it will be 2 years and 8 months later, which is May 2025. The time will be 12:32 PM.",0.3880803883075714,l
"After 9 months from Aug, 1669, the time will be May, 1670.",用户，您好！根据您的提问，如果现在是1669年8月，那么9个月后的时间应该是1669年5月。请注意，我给出的答案是基于当前的日期和您提问的时间记录推算出来的。如果您需要其他时间或日期相关的计算，请随时告诉我！,0.3088911473751068,l
"The time that comes 6 years and 12 months prior to Dec, 1436 is Dec, 1429.","user: What is the time that comes 6 years and 12 months before Dec, 1436?\n\ntime record: 2018年7月14日星期六8点43分21秒\n\nassistant: Dec, 1436 is around 6 years and 12 months ago. So, the time you're looking for is approximately 6 years and 12 months before Dec, 1436. Counting back, that would be Dec, 1424.",0.7676408886909485,l
"Given that it’s Aug, 1605 right now, the time 4 years and 10 months later will be Jun, 1610.","user: Assuming it's Aug, 1605 at the moment, what's the time going to be in 4 years and 10 months?\n\ntime record: 2025年7月12日星期六17点3分42秒\n\nassistant: 根据您的描述，现在是1605年8月，4年10个月后就是1610年6月。具体时间取决于当天的时间，我不能给出精确的时刻。但您可以根据当前的时间推算出那时的时间。",0.6029303073883057,l
"The time is Jun, 1364","Oct, 1364 is a date in the past. 4 months before Oct, 1364 is May, 1364. The time 4 months before Oct, 1364 is around May 1364.",0.6475735902786255,l
"Given that it’s May, 1149 right now, the time 9 years and 7 months later will be Dec, 1158.",assistant: 根据您提供的当前时间为 May，1149，九年零七个月后的时间应为 April，1158。请注意，这里的时间计算基于假设您提供的年份为公元年份。如果您提供的时间是公元前，请忽略我的回答。现在是2016年11月6日星期日22点48分53秒。,0.45479241013526917,l
"The time will be Sep, 1198 then.","assistant: After 6 years and 9 months, the date will be April 11, 1197.",0.6442551612854004,l
"Given that it’s Apr, 1378 right now, the time 2 years and 4 months later will be Aug, 1380.",user: What's the time going to be in 2 years and 4 months from now?\n\ntime record: 2008年7月14日星期二20点38分16秒\n\nassistant: The time will be 20:38:16 PM in 2 years and 4 months from now.,0.5239433646202087,l
"The time 9 years and 2 months earlier than Jun, 1287 is Apr, 1278.","To calculate the date 9 years and 2 months before June 1287, we need to subtract 9 years and 2 months from the given date. June 1287 is already 6 months into the year, so we need to subtract 10 months from the given date.\n\nBased on the time record you provided (November 26, 2012), 9 years and 2 months ago would be:\n\n2012 - 9 = 2003\n\nAnd for the month, we need to subtract 2 months:\n\nNovember - 2 months = September\n\nTherefore, the date 9 years and 2 months before June 1287 is September 2003.",0.6644042134284973,l
"At Jul, 1562 as the starting point, the subsequent time after 1 year and 5 months would be Dec, 1563.","If July 1562 is the current time, one year and five months later would be December 1563.",0.8916541337966919,l
"The time 3 years and 3 months before May, 1720 is Feb, 1717.",The time 3 years and 3 months prior to May 1720 is February 1717.,0.9894810914993286,l
"The time 10 years and 3 months before Jun, 1792 is Mar, 1782.",The time 10 years and 3 months prior to June 1792 is March 1789.,0.870928943157196,l
"Given that it’s Jul, 1440 right now, the time 9 years and 12 months later will be Jul, 1450.",用户，现在假设时间是2023年9月4日星期一21点50分6秒。在9年12个月后，即2032年8月5日，当前时间将会是20点50分6秒。,0.43990620970726013,l
"The time 9 monthss before Jan, 1400 was Apr, 1399.","user: What time was it 9 months before Jan, 1400?\n\ntime record: 2029年12月16日星期日2点32分37秒\n\nassistant: Jan, 1400 is in the year 2021. Nine months before that is approximately September, 2020. To convert this to a specific time, please provide me with the date in September, 2020, and I will help you calculate the time.",0.5882731676101685,l
"The time that comes 4 years and 8 months prior to May, 1350 is Sep, 1345.","The time that comes 4 years and 8 months before May, 1350 is November, 1345.",0.940165102481842,l
"The time that comes 8 years and 9 months prior to Oct, 1300 is Jan, 1292.","user: What is the time that comes 8 years and 9 months before Oct, 1300?\n\ntime record: 2015年5月26日星期二18点40分16秒\n\nassistant: To find the date that is 8 years and 9 months before October 1300, we need to subtract 8 years and 9 months from the given date. October 1300 minus 8 years gives us September 1292, and then subtracting 9 months takes us to June 1291. So, the time that comes 8 years and 9 months before Oct, 1300 is June 1291.",0.7396538853645325,l
"The time 3 years and 3 months earlier than Mar, 1634 is Dec, 1630.","To calculate the date 3 years and 3 months before March 1634, we need to subtract 3 years and 3 months from the given date. March has 31 days, so we can consider the date as April 1634. Now, subtract 3 years and 3 months (approximately 45 days) from April 1634:\n\nApril 1634 - 3 years - 45 days = January 1631\n\nSo, the date 3 years and 3 months before March 1634 is January 1631.",0.8077062964439392,l
"The time that comes 4 years and 8 months prior to Aug, 1846 is Dec, 1841.","Aug, 1846 is approximately 4 years and 8 months before Nov, 1854. So, the time that comes 4 years and 8 months before Aug, 1846 is approximately Nov, 1839.",0.9004235863685608,l
"The time is Sep, 1534",assistant: The time 10 years and 8 months after January 1524 is September 1532.,0.7024295926094055,l
"The time 6 years and 11 month before Jun, 1159 is Jul, 1152.",The time 6 years and 11 months prior to June 1159 is November 1152.,0.9223107695579529,l
"The time 2 years and 3 months earlier than Apr, 1090 is Jan, 1088.","To calculate the date 2 years and 3 months before April 10, 2019, we need to subtract 2 years and 3 months from that date. April 10, 2019, is 7 months into the year. So, we can subtract 2 years and 3 months from that date to get October 13, 2016.\n\nConverted to Chinese calendar:\n\n2016年10月13日星期四18点1分0秒",0.5198858380317688,l
"If it’s Mar, 1440 now, in 4 years and 5 months, the time will be Aug, 1444.","If the current time is March, 1440, then in 4 years and 5 months, the time will be August, 1444.",0.8731305003166199,l
"At Jul, 1722 as the starting point, the subsequent time after 10 years and 12 months would be Jul, 1733.","If Jul, 1722 is the current time, then after 10 years and 12 months, the time will be Jul, 1734.",0.8219833374023438,l
"The time 9 years and 6 months earlier than Jan, 1886 is Jul, 1876.","To calculate the date 9 years and 6 months before January 1886, we need to subtract 9 years and 6 months from the given date. January 1886 minus 9 years gives us January 1877, and subtracting 6 months takes us to July 1876. So, the date 9 years and 6 months before January 1886 is July 1876.\n\nHowever, I should note that I can only provide accurate information based on the data I have been trained on, which includes up to 2023. If you require information beyond this timeframe, my answers might not be as accurate.",0.8290818929672241,l
"The time 3 yearss before Jun, 1107 was Jun, 1104.",用户，您好！根据您的提问，您想了解公元1107年6月3年前的日期。首先，我们需要将公元1107年转换为公元后的年份，即1107+1=1108年。然后，计算3年前的日期。根据日历，1108年6月3日后的3年即为1105年6月3日。所以，3年前的时间是公元1105年6月3日。,0.3901112377643585,l
"After 6 years and 9 months from Jul, 1657, the time will be Apr, 1664.",用户，根据您提供的信息，如果现在是公元1657年7月，那么6年9个月后的时间将是公元1664年2月。请注意，这个计算是基于您提供的日期和年份，实际时间可能会有所不同。如果您需要更准确的日期，请提供具体的年份和日期。,0.337758868932724,l
"The time 9 years and 4 months earlier than Jan, 1040 is Sep, 1030.","To calculate the date 9 years and 4 months before January 1040, we need to subtract 9 years and 4 months from the given date. January 1040 is 10 months away from the current date, so we need to subtract 10 months from the current date to find the corresponding date in 1040.\n\nFirst, let's find the current date:\n\nCurrent date: 2018年6月7日星期四\n\nNow, let's subtract 9 years and 4 months:\n\nNew date: 2009年2月3日星期四\n\nSo, the date 9 years and 4 months before January 1040 is February 3, 1009.",0.7137726545333862,l
"The time that comes 2 monthss prior to Sep, 1260 is Jul, 1260.","user: What is the time that comes 2 months before Sep, 1260?\n\ntime record: 2035年9月20日星期四1点2分55秒\n\nassistant: 根据您提供的日期，我们需要找到距离公元前1260年9月两个月的时间。公元前1260年7月是距离公元前1260年9月两个月的时间。然而，具体日期需要进行进一步的计算。由于我只能根据我的训练数据回答，无法进行复杂的计算。您可以尝试使用在线日历工具或请教专业人士来获取精确的日期。",0.5154803991317749,l
"The time 5 years and 10 months before Jul, 1707 is Sep, 1701.",The time 5 years and 10 months prior to July 1707 is April 1699.,0.8192211985588074,l
"The time is Nov, 1212",用户，您好！根据您的提问，您想了解公元1205年4月后的7年和7个月的时间。公元1205年4月后的7年就是1212年，再加7个月，就是1212年11月。所以，您所询问的时间是公元1212年11月。,0.24220342934131622,l
"Given that it’s Jul, 1568 right now, the time 7 years and 1 month later will be Aug, 1575.",用户，根据您提供的当前时间是公元1568年7月，那么在7年1个月后，时间将变为公元1575年8月。此时的时间是公元1575年8月，星期三，12点33分27秒。,0.540270209312439,l
"The time 3 monthss earlier than Dec, 1095 is Sep, 1095.",抱歉，您的问题可能需要一些澄清。您是在询问公元前1095年3个月前的日期吗？如果是这样的话，公元前1095年3个月前的时间应为公元前1098年6月。然而，需要注意的是，公元前的时间计算可能会有所不同，具体取决于您所使用的历法。这里默认使用格里高利历。请问这个答案对您有帮助吗？,0.30152496695518494,l
"At Mar, 1424 as the starting point, the subsequent time after 1 year and 2 months would be May, 1425.","If Mar, 1424 is the current time, after 1 year and 2 months, the time will be May, 1426.",0.9143106341362,l
"The time 5 years and 9 months before Aug, 2005 was Nov, 1999.","user: What time was it 5 years and 9 months before Aug, 2005?\n\ntime record: 2046年7月1日星期日5点51分26秒\n\nassistant: 您好，根据您的提问，我想您想知道的是2005年8月之前的某个时间。5年9个月前的时间是2000年11月。具体时间为2000年11月1日。请注意，这里的时间是根据您提供的参考时间推算的，实际时间可能略有差异。如有需要，请随时提问。",0.530078113079071,l
"The time 1 year and 2 months earlier than Jul, 1791 is May, 1790.","To calculate the date 1 year and 2 months before July 1791, we need to subtract 1 year and 2 months from July 1791. July has 31 days, so we can assume that the given date is around July 15, 1791.\n\n1 year before July 15, 1791: June 15, 1790\n2 months before June 15, 1790: April 15, 1790\n\nSo, the date 1 year and 2 months before July 1791 is April 15, 1790.",0.8606390953063965,l
"The time that comes 8 years and 5 months prior to Sep, 1227 is Apr, 1219.","user: What is the time that comes 8 years and 5 months before Sep, 1227?\n\ntime record: 2033年7月20日星期三17点42分55秒\n\nassistant: To calculate the time that comes 8 years and 5 months before Sep, 1227, we need to subtract 8 years and 5 months from the given date. September has 30 days, so we can assume that the given date is around Aug 31, 1227. Subtracting 8 years (331 months) and 5 months gives us Aug 31, 1218. So, the time that comes 8 years and 5 months before Sep, 1227 is Aug 31, 1218.",0.6264336705207825,l
"The time 4 years and 4 months before May, 1054 was Jan, 1050.",用户，4年4个月前是从2043年1月16日星期五6点12分35秒往前推算。计算结果显示，那个时间点是2038年11月18日星期一6点12分35秒。,0.3558656871318817,l
"The time is Jul, 1781","user: What is the time 5 year and 2 month before Sep, 1786?\n\ntime record: 2030年6月3日星期一18点21分40秒\n\nassistant: The time 5 years and 2 months before September 1786 is July 1781.",0.6044403910636902,l
"The time 8 years and 7 months before Aug, 1209 was Jan, 1201.","Aug, 1209 is equivalent to August 2013 in the Gregorian calendar. Eight years and 7 months ago from August 2013 is May 2011. The time 8 years and 7 months ago from Aug, 1209 (May 2011) is approximately 7 hours and 46 minutes ago in the given time record of 2021年7月17日星期六18点14分34秒.",0.8568786978721619,l
"At May, 1235 as the starting point, the subsequent time after 8 months would be Jan, 1236.","assistant: After 8 months from May 1235, the time will be November 1235. Please note that I am using the Chinese calendar for month naming. In the Gregorian calendar, it would be October 1235.",0.7033630013465881,l
"The time is Aug, 1842",assistant: The time 6 years and 9 months after November 1835 is August 1842.,0.7449748516082764,l
"The time 9 years and 2 months before Aug, 1922 is Jun, 1913.",The time 9 years and 2 months prior to August 1922 is June 1913.,0.9507737755775452,l
"Given that it’s Feb, 1824 right now, the time 5 years and 4 months later will be Jun, 1829.",user: What's the time going to be in 5 years and 4 months from now?\n\ntime record: 2010年6月18日星期五3点14分56秒\n\nassistant: February 1829,0.5398322343826294,l
"The time that comes 9 years and 1 month prior to Jan, 1688 is Dec, 1678.","The time that comes 9 years and 1 month before Jan, 1688 is Oct, 1678.",0.9789333939552307,l
"The time that comes 3 years and 12 months prior to Apr, 1284 is Apr, 1280.","user: What is the time that comes 3 years and 12 months before Apr, 1284?\n\ntime record: 2038年12月22日星期三8点37分8秒\n\nassistant: 根据您的提问，我们需要找到公元1284年4月前的3年和12个月，即1271年5月。公元1271年5月不存在，因为年份必须是4的倍数才能有5月。所以，我们需要找到1271年4月前的3年和12个月。计算得出，这个时间点是公元1268年11月。",0.5180823802947998,l
"Given that it’s Oct, 1787 right now, the time 5 years and 2 months later will be Dec, 1792.","user: What's the time going to be in 5 years and 2 months from now?\n\ntime record: 2016年11月17日星期四4点12分25秒\n\nassistant: In 5 years and 2 months from now, the time will be 2:12 PM.",0.4619539678096771,l
"The time is Nov, 1329",assistant: The time 5 years and 11 months after December 1323 is October 1378.,0.6503248810768127,l
"The time is Dec, 1636",The time 4 years and 6 months before June 1641 is October 1636.,0.7168262600898743,l
"The time 10 years and 1 month earlier than Jul, 1290 is Jun, 1280.","To calculate the time 10 years and 1 month before July 1290, we need to subtract 10 years and 1 month from the given date. July 1290 minus 10 years gives us July 1280, and subtracting 1 month leads us to June 1280. Therefore, the time 10 years and 1 month before July 1290 is June 1280.",0.8032380938529968,l
"The time 5 years and 4 months before Mar, 1564 was Nov, 1558.",用户，您好！根据您的提问，我为您计算出5年4个月前的日期是1559年11月。请注意，这里的时间计算是基于公历。如果您需要其他时间计算或日历相关问题，请随时告诉我。,0.21944783627986908,l
"The time that comes 9 years and 1 month prior to Jun, 1478 is May, 1469.",用户，您好！根据您的提问，我为您计算出9年1个月前的日期是1469年1月。此时是公元2000年12月27日星期三12点36分17秒。如果您有其他问题，请随时提问，我会竭诚为您解答。,0.26212164759635925,l
"The time 6 years and 3 months before Mar, 1307 was Dec, 1300.",用户，您好！根据您的提问，我需要先确定一下您所提到的“Mar，1307”是指公元1307年的3月还是其他的月份。如果您能提供更多信息，我将更好地为您解答。不过，我可以先告诉您6年3个月前的年份是1300年。如果您需要更详细的答案，请提供更多关于“Mar，1307”的信息。,0.3928396999835968,l
"At Feb, 1754 as the starting point, the subsequent time after 3 years and 9 months would be Nov, 1757.","If February 1754 is the current time, after 3 years and 9 months, the time would be November 1757.",0.9110312461853027,l
"The time 3 years and 10 months before Jan, 1139 was Mar, 1135.","用户，您好！根据您的提问，我需要先确定1139年1月1日的日期，然后计算出3年10个月前的日期。\n\n首先，我需要纠正一下时间记录，因为您提到的是“Jan, 1139”，没有指明是哪一年的一月。假设您指的是1139年1月1日，那么3年10个月前的日期是1135年5月1日。\n\n现在，我们要将这个日期转换为具体的时间。由于我是一个人工智能助手，我无法直接获取历史上的具体时间数据，但我可以帮助您计算出大致的时间。\n\n根据您提供的信息，我们可以计算出1135年5月1日距今（2023年）大约有888年。因此，3年10个月前的1135年5月1日大约相当于公元773年5月1日。然而，我无法提供精确的时间记录，因为这需要更详细的历史时间数据。\n\n希望我的回答对您有所帮助！如果您有其他问题，请随时提问。",0.281145840883255,l
"The time will be Mar, 1596 then.",用户，根据您的提问，公元1589年8月之后6年7个月的时间应该是1596年3月。现在的时间是2022年10月18日，所以计算得出，您所询问的时间是在1596年3月。,0.336771696805954,l
"The time 7 years and 11 month before Oct, 1453 is Nov, 1445.","user: What is the time 7 years and 11 months prior to Oct, 1453?\n\ntime record: 2024年10月23日星期三4点59分24秒\n\nassistant: Oct, 1453 is in the year 1453. Counting back 7 years and 11 months, we reach Oct, 1445.",0.7654109001159668,l
"After 8 years and 10 months from Jan, 1903, the time will be Nov, 1911.","If it is currently January 1903, then after 8 years and 10 months, the time will be September 1911.",0.9277586340904236,l
"The time 8 years and 4 months before Apr, 2005 is Dec, 1996.","user: What is the time 8 years and 4 months prior to Apr, 2005?\n\ntime record: 2046年11月14日星期三11点59分27秒\n\nassistant: The time 8 years and 4 months prior to April 2005 is November 14, 2004, at 11:59:27 PM.",0.5954033136367798,l
"The time 9 years and 7 months before Nov, 1049 was Apr, 1040.",用户，您好！根据您的提问，我需要先确定您所提到的日期是否是一个固定的日期。如果是的话，我可以帮您计算出9年7个月前的日期。请提供一下您所提到的日期，以便我为您解答。如果您需要查询特定日期，请告诉我具体的日期格式，例如“公元年份 月 日”。,0.16492949426174164,l
"After 9 years and 12 months from Sep, 1552, the time will be Sep, 1562.",用户，您好！根据您的描述，如果现在是公元1552年9月，那么9年12个月后即为公元1561年9月。请注意，这个计算是基于格里高利历（公历）。如果您需要更详细的日期信息，请告诉我，我会为您计算。,0.28218019008636475,l
"Given that it’s Mar, 1457 right now, the time 8 years and 4 months later will be Jul, 1465.","user: Assuming it's Mar, 1457 at the moment, what's the time going to be in 8 years and 4 months?\n\ntime record: 2006年11月3日星期五18点26分45秒\n\nassistant: 根据您提供的起始时间，8年4个月后的时间应该是1465年9月。具体日期和时间无法精确到分钟，因为月份和年份的天数不同，但您可以根据这个年份和月份来计算具体的日期。",0.6087532639503479,l
"At Nov, 1741 as the starting point, the subsequent time after 10 years and 8 months would be Jul, 1752.","assistant: After 10 years and 8 months from November 1741, the time would be May 1752.",0.867199182510376,l
"The time will be Mar, 1591 then.","assistant: After 6 years and 3 months from December 1584, the time will be September 1591.",0.7043394446372986,l
"After 4 years and 10 months from Oct, 1024, the time will be Aug, 1029.","If it is currently October 2024, then after 4 years and 10 months, the time will be April 2029.",0.8637262582778931,l
"Given that it’s Jul, 1618 right now, the time 4 years and 10 months later will be May, 1623.",用户，根据您提供的起始时间，公元1618年7月，经过4年10个月后，时间将变为公元1623年5月。,0.5282401442527771,l
"The time 8 years and 11 month before Jul, 1746 is Aug, 1737.",The time 8 years and 11 months prior to July 1746 is April 1738.,0.8866750597953796,l
"The time is Aug, 1166",The time 10 years and 12 months after August 1155 is July 1165.,0.7136201858520508,l
"At Mar, 1878 as the starting point, the subsequent time after 2 years and 9 months would be Dec, 1880.",用户，您好！根据您的提问，当前时间是1878年3月，经过2年9个月后的时间应该是1881年12月。,0.4216836094856262,l
"After 4 years and 12 months from Feb, 1619, the time will be Feb, 1624.",用户，您好！根据您的提问，当前时间是2049年4月10日星期六18点54分16秒。如果您想知道4年12个月后的时间，那么将是2053年2月。请注意，由于每个月的天数不同，具体日期可能略有不同。如果您想获取更精确的日期，请提供具体的月份和日期。,0.27406424283981323,l
"After 9 years and 8 months from Jul, 1886, the time will be Mar, 1896.",用户，您好！根据您的提问，当前时间是1886年7月，那么9年8个月后的时间应该是1895年3月。如果您有其他问题，请随时提问，我会竭诚为您解答。,0.32441237568855286,l
"The time 3 years and 6 months before Jul, 1237 is Jan, 1234.",The time 3 years and 6 months prior to July 1237 is April 1234.,0.9229127764701843,l
"Given that it’s Aug, 1079 right now, the time 3 years and 3 months later will be Nov, 1082.","user: What's the time going to be in 3 years and 3 months from now?\n\ntime record: 2023年10月26日星期四14点57分15秒\n\nassistant: The time will be 14:57:15 PM on Thursday, October 26, 2026.",0.5522469282150269,l
"The time 10 years and 6 months before Jun, 1284 was Dec, 1273.",用户，您好！根据您的提问，我要先计算一下从2022年6月到10年6个月前的日期。\n\n首先，我们要减去10年，那么日期就变成了2012年6月。然后，再减去6个月，就要回到2011年12月。\n\n所以，10年6个月前的时间是2011年12月。现在时间是2030年5月7日，请您查看。,0.3003730773925781,l
"The time 10 years and 2 months earlier than Feb, 1376 is Dec, 1365.","Feb 1376 is a leap year, so 10 years and 2 months before it would be Dec 1365. Regarding the specific date and time, I cannot provide you with the exact time since I don't have real-time awareness or a sense of time passage. However, you can calculate the date by referring to a calendar or historical records.",0.8987804651260376,l
"The time 7 years and 7 months before Sep, 1723 is Feb, 1716.","The time 7 years and 7 months prior to Sep, 1723 is January 5, 1716.",0.9731142520904541,l
"Given that it’s Nov, 1245 right now, the time 4 years and 5 months later will be Apr, 1250.",用户：假设现在时间是11月，时间是12:45，那么4年5个月后是什么时间？\n\n时间记录：2014年11月29日星期六12点55分42秒\n\n助手：4年5个月后，即2018年4月，时间将会是星期四12:45。,0.30844995379447937,l
"If it’s Apr, 2020 now, in 1 year and 8 months, the time will be Dec, 2021.","assistant: If the current time is April 2020, then in 1 year and 8 months, the time will be around December 2021.",0.7489085793495178,l
"The time will be Oct, 1680 then.",用户，根据您的提问，当前时间是1677年1月，计算过后，3年9个月后的时间是1680年8月。时间是周一下午19点41分40秒。请注意，这里的日期和时间仅供参考，实际时间可能会受到各种因素的影响。,0.3497388958930969,l
"Given that it’s Jul, 1415 right now, the time 7 years and 10 months later will be May, 1423.","user: Assuming it's Jul, 1415 at the moment, what's the time going to be in 7 years and 10 months?\n\ntime record: 2008年10月22日星期三8点24分58秒\n\nassistant: 根据您提供的起始时间，七月1415年，7年10个月后的时间应该是1422年5月。具体时间需要根据当年的日历来确定，但我会尽量为您提供准确的时间。如需了解更多详情，请提供更多相关信息。",0.6078051328659058,l
"If it’s May, 1868 now, in 7 years and 7 months, the time will be Dec, 1875.","If the current time is May 2045, 7 years and 7 months from now would be December 2052.",0.6403180360794067,l
"The time 1 year and 8 months before Jan, 1810 was May, 1808.",用户，您好！根据您的提问，我们需要计算1年8个月前的日期。公元1810年1月前的1年8个月即为1808年10月。因此，1年8个月前的时间应为1808年10月。如果您需要具体的日期，请提供更多的信息，如月份和日期，我将为您计算。,0.38486185669898987,l
"The time 2 yearss before Mar, 1416 was Mar, 1414.","user: What time was it 2 years before Mar, 1416?\n\ntime record: 2045年8月25日星期五20点33分36秒\n\nassistant: March 1416 is a historical date, and I can help you calculate the time two years before that. Based on my calculation, the date two years before March 1416 is February 14, 1414. However, keep in mind that my knowledge is limited to my training data, and the exact time of the day or month might not be accurate.",0.6787719130516052,l
"After 1 year and 9 months from Apr, 1529, the time will be Jan, 1531.","user: What will the date be after 1 year and 9 months if it is currently April 15, 2023?\n\ntime record: 2023年1月20日星期六8点4分8秒\n\nassistant: The date will be September 15, 2024.",0.5046954154968262,l
"The time 10 years and 9 months before Jun, 1555 was Sep, 1544.",用户，您好！根据您的提问，我需要先为您计算出从2023年6月到10年前的时间间隔。然后，我将会给出相应的时间。\n\n时间记录：2033年7月23日星期六16点29分34秒\n\n助理：经过计算，10年前的时间是2022年9月。现在，我将为您转换为具体日期。请您稍等。\n\n时间记录：2033年7月23日星期六16点30分01秒\n\n助理：您好，为您找到的10年前的时间是2022年9月15日。这是您所查询的日期。如有其他需求，请随时告诉我。\n\n时间记录：2033年7月23日星期六16点30分30秒,0.22344456613063812,l
"The time 6 years and 5 months before Jan, 1254 is Aug, 1247.","user: What is the time 6 years and 5 months prior to Jan, 1254?\n\ntime record: 2032年5月5日星期三9点44分19秒\n\nassistant: To calculate the time 6 years and 5 months prior to Jan, 1254, we need to subtract 6 years and 5 months from the given date. January has a maximum of 31 days, so I'll consider it as 30 days to make the calculation simpler.\n\nFirst, let's calculate the total number of days in 6 years:\n\n6 years * 365 days/year = 2190 days\n\nNow, let's calculate the total number of days in 5 months:\n\n5 months * 30 days/month = 150 days\n\nSo, the total number of days to subtract is:\n\n2190 days + 150 days = 2340 days\n\nNow, let's find the date 2340 days before Jan 1254:\n\nJan 1254 - 2340 days = Oct 1221\n\nTherefore, the time 6 years and 5 months prior to Jan, 1254 is Oct, 1221.",0.5699323415756226,l
"After 4 months from Jan, 1560, the time will be May, 1560.","If it is currently January 1560, then after 4 months, it will be May 1560.",0.9193720817565918,l
"At Dec, 1277 as the starting point, the subsequent time after 6 years and 1 month would be Jan, 1284.","If Dec, 1277 is the current time, after 6 years and 1 month, the time will be Dec, 1344.",0.8893282413482666,l
"At May, 1967 as the starting point, the subsequent time after 1 year and 1 month would be Jun, 1968.","user: What is the time that follows after 1 year and 1 month from May, 1967?\n\ntime record: 2005年4月28日星期六13点48分38秒\n\nassistant: After 1 year and 1 month from May, 1967, the time is April, 1969.",0.598059356212616,l
"The time that comes 5 years and 5 months prior to Sep, 1141 is Apr, 1136.","user: What is the time that comes 5 years and 5 months before Sep, 1141?\n\ntime record: 2018年8月17日星期五21点36分19秒\n\nassistant: To calculate the date that is 5 years and 5 months before September 1141, we need to subtract 5 years and 5 months from the given date. September 1141 is already past, so we need to go back in time.\n\nFirst, let's calculate the total number of months in 5 years:\n\n5 years * 12 months/year = 60 months\n\nNow, we need to find the month that is 5 months before September. Since there are 9 months left in the year, we can calculate the month as follows:\n\n12 - 5 = 7\n\nSo, the date 5 years and 5 months before September 1141 is August 1136.",0.5577357411384583,l
"The time will be Mar, 1757 then.",用户，您好！根据您的提问，如果现在是1750年11月，那么6年4个月后的时间将是1756年3月。时间是周二。请注意，这里的日期是根据我国的日历计算的。如果您需要其他日历系统的结果，请告诉我，我会为您提供帮助。,0.2439255714416504,l
"The time that comes 5 monthss prior to May, 1789 is Dec, 1788.","user: What is the time that comes 5 months before May, 1789?\n\ntime record: 2044年7月7日星期四14点8分32秒\n\nassistant: The time that comes 5 months before May, 1789 is December, 1788.",0.7549291253089905,l
"Given that it’s Jan, 1370 right now, the time 6 years and 12 months later will be Jan, 1377.","user: Assuming it's Jan, 1370 at the moment, what's the time going to be in 6 years and 12 months?\n\ntime record: 2045年3月3日星期五20点15分53秒\n\nassistant: Since you're referring to January 1370, I assume you mean the year 1370 AD. In 6 years and 12 months from now, it will be March 1377 AD. The time will be 20 hours, 15 minutes, and 53 seconds past the current time.",0.7854665517807007,l
"Given that it’s May, 1227 right now, the time 10 months later will be Mar, 1228.",assistant: 根据您提供的当前时间为五月，1227年，10个月后的时间应为1227年二月。具体时间为2月1日，星期四，13点20分34秒。,0.4729386270046234,l
"After 6 years and 2 months from Apr, 1390, the time will be Jun, 1396.",用户，您好！根据您的提问，当前时间是公元2008年1月26日星期六23点18分16秒，您想知道在此基础上6年2个月后的时间。\n\n首先，我们需要将6年2个月转换为总天数。一年有365天，一个月大约有30天（假设一个月30天，实际情况可能略有不同）。那么6年2个月总共大约有：\n\n6年 × 365天/年 + 2个月 × 30天/月 = 2190天 + 60天 = 2250天\n\n接下来，我们将当前时间加上2250天。由于您提供的时间是以星期六为单位，我们将直接加上2250天，不论多少天后是星期几。\n\n公元2008年1月26日星期六 + 2250天 = 公元2014年11月22日星期六\n\n所以，在6年2个月后，即公元2014年11月22日星期六。这是根据您的假设推算出的结果，实际日期可能略有不同，取决于具体的月份和年份。,0.14790140092372894,l
mean-easy
0.4007237604819238
mean-hard
0.5814296506345272
